07/23/2022| 9:00:00
07/23/2022| 9:30:00
07/23/2022| 10:00:00
07/23/2022| 10:30:00
07/23/2022| 11:00:00
07/23/2022| 11:30:00
07/23/2022| 12:00:00
07/23/2022| 12:30:00
07/23/2022| 1:00:00
07/23/2022| 1:30:00
07/23/2022| 2:00:00
07/23/2022| 2:30:00
07/23/2022| 3:00:00
07/23/2022| 3:30:00
07/23/2022| 4:00:00
07/23/2022| 4:30:00
07/24/2022| 9:00:00
07/24/2022| 9:30:00
07/24/2022| 10:00:00
07/24/2022| 10:30:00
07/24/2022| 11:00:00
07/24/2022| 11:30:00
07/24/2022| 12:00:00
07/24/2022| 12:30:00
07/24/2022| 1:00:00
07/24/2022| 1:30:00
07/24/2022| 2:00:00
07/24/2022| 2:30:00
07/24/2022| 3:00:00
07/24/2022| 3:30:00
07/24/2022| 4:00:00
07/24/2022| 4:30:00
07/25/2022| 9:00:00
07/25/2022| 9:30:00
07/25/2022| 10:00:00
07/25/2022| 10:30:00
07/25/2022| 11:00:00
07/25/2022| 11:30:00
07/25/2022| 12:00:00
07/25/2022| 12:30:00
07/25/2022| 1:00:00
07/25/2022| 1:30:00
07/25/2022| 2:00:00
07/25/2022| 2:30:00
07/25/2022| 3:00:00
07/25/2022| 3:30:00
07/25/2022| 4:00:00
07/25/2022| 4:30:00
07/26/2022| 9:00:00
07/26/2022| 9:30:00
07/26/2022| 10:00:00
07/26/2022| 10:30:00
07/26/2022| 11:00:00
07/26/2022| 11:30:00
07/26/2022| 12:00:00
07/26/2022| 12:30:00
07/26/2022| 1:00:00
07/26/2022| 1:30:00
07/26/2022| 2:00:00
07/26/2022| 2:30:00
07/26/2022| 3:00:00
07/26/2022| 3:30:00
07/26/2022| 4:00:00
07/26/2022| 4:30:00
07/27/2022| 9:00:00
07/27/2022| 9:30:00
07/27/2022| 10:00:00
07/27/2022| 10:30:00
07/27/2022| 11:00:00
07/27/2022| 11:30:00
07/27/2022| 12:00:00
07/27/2022| 12:30:00
07/27/2022| 1:00:00
07/27/2022| 1:30:00
07/27/2022| 2:00:00
07/27/2022| 2:30:00
07/27/2022| 3:00:00
07/27/2022| 3:30:00
07/27/2022| 4:00:00
07/27/2022| 4:30:00
07/28/2022| 9:00:00
07/28/2022| 9:30:00
07/28/2022| 10:00:00
07/28/2022| 10:30:00
07/28/2022| 11:00:00
07/28/2022| 11:30:00
07/28/2022| 12:00:00
07/28/2022| 12:30:00
07/28/2022| 1:00:00
07/28/2022| 1:30:00
07/28/2022| 2:00:00
07/28/2022| 2:30:00
07/28/2022| 3:00:00
07/28/2022| 3:30:00
07/28/2022| 4:00:00
07/28/2022| 4:30:00
07/29/2022| 9:00:00
07/29/2022| 9:30:00
07/29/2022| 10:00:00
07/29/2022| 10:30:00
07/29/2022| 11:00:00
07/29/2022| 11:30:00
07/29/2022| 12:00:00
07/29/2022| 12:30:00
07/29/2022| 1:00:00
07/29/2022| 1:30:00
07/29/2022| 2:00:00
07/29/2022| 2:30:00
07/29/2022| 3:00:00
07/29/2022| 3:30:00
07/29/2022| 4:00:00
07/29/2022| 4:30:00
07/30/2022| 9:00:00
07/30/2022| 9:30:00
07/30/2022| 10:00:00
07/30/2022| 10:30:00
07/30/2022| 11:00:00
07/30/2022| 11:30:00
07/30/2022| 12:00:00
07/30/2022| 12:30:00
07/30/2022| 1:00:00
07/30/2022| 1:30:00
07/30/2022| 2:00:00
07/30/2022| 2:30:00
07/30/2022| 3:00:00
07/30/2022| 3:30:00
07/30/2022| 4:00:00
07/30/2022| 4:30:00
07/31/2022| 9:00:00
07/31/2022| 9:30:00
07/31/2022| 10:00:00
07/31/2022| 10:30:00
07/31/2022| 11:00:00
07/31/2022| 11:30:00
07/31/2022| 12:00:00
07/31/2022| 12:30:00
07/31/2022| 1:00:00
07/31/2022| 1:30:00
07/31/2022| 2:00:00
07/31/2022| 2:30:00
07/31/2022| 3:00:00
07/31/2022| 3:30:00
07/31/2022| 4:00:00
07/31/2022| 4:30:00